{
  "id": "1509934",
  "name": "哔哩哔哩",
  "font_family": "iconfont",
  "css_prefix_text": "icon-",
  "description": "",
  "glyphs": [
    {
      "icon_id": "82381",
      "name": "游戏",
      "font_class": "youxi",
      "unicode": "e67e",
      "unicode_decimal": 59006
    },
    {
      "icon_id": "351777",
      "name": "我的",
      "font_class": "wode",
      "unicode": "e625",
      "unicode_decimal": 58917
    },
    {
      "icon_id": "397544",
      "name": "购物车",
      "font_class": "gouwuche",
      "unicode": "e603",
      "unicode_decimal": 58883
    },
    {
      "icon_id": "689282",
      "name": "上传",
      "font_class": "shangchuan",
      "unicode": "e80c",
      "unicode_decimal": 59404
    },
    {
      "icon_id": "714434",
      "name": "我的关注",
      "font_class": "wodeguanzhu",
      "unicode": "e60f",
      "unicode_decimal": 58895
    },
    {
      "icon_id": "714438",
      "name": "搜索",
      "font_class": "sousuo",
      "unicode": "e613",
      "unicode_decimal": 58899
    },
    {
      "icon_id": "1002521",
      "name": "首页",
      "font_class": "shouye",
      "unicode": "e626",
      "unicode_decimal": 58918
    },
    {
      "icon_id": "1309010",
      "name": "953菜单_流程",
      "font_class": "pingdao",
      "unicode": "e68a",
      "unicode_decimal": 59018
    },
    {
      "icon_id": "1311619",
      "name": "购物",
      "font_class": "gouwu",
      "unicode": "e608",
      "unicode_decimal": 58888
    },
    {
      "icon_id": "1470840",
      "name": "钱包",
      "font_class": "qianbao-",
      "unicode": "e66b",
      "unicode_decimal": 58987
    },
    {
      "icon_id": "2154755",
      "name": "稍后观看_44",
      "font_class": "shaohouguankan",
      "unicode": "e684",
      "unicode_decimal": 59012
    },
    {
      "icon_id": "3764361",
      "name": "风车",
      "font_class": "dongtai",
      "unicode": "e614",
      "unicode_decimal": 58900
    },
    {
      "icon_id": "4608979",
      "name": "缓存",
      "font_class": "huancun",
      "unicode": "e60e",
      "unicode_decimal": 58894
    },
    {
      "icon_id": "4744997",
      "name": "icon_直播-线",
      "font_class": "zhibozhongxin",
      "unicode": "e65a",
      "unicode_decimal": 58970
    },
    {
      "icon_id": "4867071",
      "name": "更多",
      "font_class": "gengduo",
      "unicode": "e64c",
      "unicode_decimal": 58956
    },
    {
      "icon_id": "5321791",
      "name": "画板主题",
      "font_class": "zhuti",
      "unicode": "e664",
      "unicode_decimal": 58980
    },
    {
      "icon_id": "5715729",
      "name": "LV0",
      "font_class": "lv",
      "unicode": "e69f",
      "unicode_decimal": 59039
    },
    {
      "icon_id": "5809089",
      "name": "收藏",
      "font_class": "shoucang",
      "unicode": "e65e",
      "unicode_decimal": 58974
    },
    {
      "icon_id": "6548541",
      "name": "评论",
      "font_class": "pinglun",
      "unicode": "e658",
      "unicode_decimal": 58968
    },
    {
      "icon_id": "6582264",
      "name": "播放2",
      "font_class": "bofang",
      "unicode": "e609",
      "unicode_decimal": 58889
    },
    {
      "icon_id": "8288885",
      "name": "信封",
      "font_class": "xinfeng",
      "unicode": "e857",
      "unicode_decimal": 59479
    },
    {
      "icon_id": "8361825",
      "name": "扫一扫",
      "font_class": "saoyisao",
      "unicode": "e6ca",
      "unicode_decimal": 59082
    },
    {
      "icon_id": "8448533",
      "name": "我的",
      "font_class": "ziyuan",
      "unicode": "e622",
      "unicode_decimal": 58914
    },
    {
      "icon_id": "8504148",
      "name": "设置",
      "font_class": "shezhi",
      "unicode": "e62a",
      "unicode_decimal": 58922
    },
    {
      "icon_id": "8783187",
      "name": "箭头",
      "font_class": "jiantou",
      "unicode": "e62d",
      "unicode_decimal": 58925
    },
    {
      "icon_id": "10918077",
      "name": "bilibili-fill",
      "font_class": "me",
      "unicode": "e75c",
      "unicode_decimal": 59228
    },
    {
      "icon_id": "11261633",
      "name": "历史记录",
      "font_class": "lishijilu1",
      "unicode": "e60d",
      "unicode_decimal": 58893
    }
  ]
}
